Site,TTL,RTT
google.com,16,0.12706494331359863
linkedin.com,16,0.08150696754455566
reddit.com,14,0.04131293296813965
youtube.com,16,0.06348991394042969
conduit.com,10,0.021251916885375977
t-online.de,14,0.1504039764404297
xhamster.com,10,0.11125683784484863
cnet.com,18,0.07872915267944336
sohu.com,20,0.24889802932739258
mpnrs.com,17,0.10960102081298828
nytimes.com,14,0.025568008422851562
indeed.com,17,0.08356904983520508
