Site,TTL,RTT
google.com,16,0.127064943
linkedin.com,16,0.081506968
reddit.com,14,0.041312933
youtube.com,16,0.063489914
conduit.com,10,0.021251917
t-online.de,14,0.150403976
xhamster.com,10,0.111256838
cnet.com,18,0.078729153
sohu.com,20,0.248898029
mpnrs.com,17,0.109601021
nytimes.com,14,0.025568008
indeed.com,17,0.08356905
